Time,Time_Units,Mutation,Cell_Line,Cell_Type,Signal_Type,Signal_Units,Signal_Mut,Signal_Corr,Signal_Ctrl,Expt_ID
1.54,min,FANCD2,PD20,Fibroblast,OCR,pmol/min,159.2242065,137.7542693,172.7614618,PD20_122124
10.12,min,FANCD2,PD20,Fibroblast,OCR,pmol/min,156.0952842,132.4831135,171.8279746,PD20_122124
18.72,min,FANCD2,PD20,Fibroblast,OCR,pmol/min,156.1146279,130.5492854,171.8816554,PD20_122124
27.42,min,FANCD2,PD20,Fibroblast,OCR,pmol/min,33.32651295,32.81087591,50.82754384,PD20_122124
36,min,FANCD2,PD20,Fibroblast,OCR,pmol/min,34.9517253,37.64997274,56.23887778,PD20_122124
44.58,min,FANCD2,PD20,Fibroblast,OCR,pmol/min,35.65937123,40.57242224,60.04137106,PD20_122124
53.27,min,FANCD2,PD20,Fibroblast,OCR,pmol/min,185.5570414,207.6006235,519.9010451,PD20_122124
61.85,min,FANCD2,PD20,Fibroblast,OCR,pmol/min,183.7054762,185.7232593,527.0637184,PD20_122124
70.44,min,FANCD2,PD20,Fibroblast,OCR,pmol/min,175.6746039,173.9869251,543.1981673,PD20_122124
79.1,min,FANCD2,PD20,Fibroblast,OCR,pmol/min,9.190338287,16.12803631,27.54257867,PD20_122124
87.68,min,FANCD2,PD20,Fibroblast,OCR,pmol/min,11.8667865,19.04371103,38.09177925,PD20_122124
96.25,min,FANCD2,PD20,Fibroblast,OCR,pmol/min,10.80735957,18.24670521,38.18768333,PD20_122124
1.37,min,FANCD2,PD20,Fibroblast,OCR,pmol/min,173.6899697,127.0610812,21.32265777,PD20_031325
9.87,min,FANCD2,PD20,Fibroblast,OCR,pmol/min,157.085338,120.5970261,21.23550836,PD20_031325
18.37,min,FANCD2,PD20,Fibroblast,OCR,pmol/min,147.4892066,116.4728474,22.02456653,PD20_031325
26.98,min,FANCD2,PD20,Fibroblast,OCR,pmol/min,47.93564551,41.78945499,16.52995478,PD20_031325
35.47,min,FANCD2,PD20,Fibroblast,OCR,pmol/min,51.50852337,44.15652518,17.14395932,PD20_031325
44.2,min,FANCD2,PD20,Fibroblast,OCR,pmol/min,51.09959589,44.36755574,16.64484042,PD20_031325
52.8,min,FANCD2,PD20,Fibroblast,OCR,pmol/min,240.086525,148.7299535,80.33026781,PD20_031325
61.3,min,FANCD2,PD20,Fibroblast,OCR,pmol/min,230.9602091,135.600399,77.88003186,PD20_031325
69.79,min,FANCD2,PD20,Fibroblast,OCR,pmol/min,223.6086265,127.1199282,78.65253609,PD20_031325
78.62,min,FANCD2,PD20,Fibroblast,OCR,pmol/min,128.1501554,24.1750302,14.45340582,PD20_031325
87.34,min,FANCD2,PD20,Fibroblast,OCR,pmol/min,123.1306836,25.04876335,17.20396302,PD20_031325
95.84,min,FANCD2,PD20,Fibroblast,OCR,pmol/min,116.285874,24.3964835,17.76941335,PD20_031325
1.37,min,FANCD2,PD20,Fibroblast,OCR,pmol/min,186.2610257,131.240602,109.5369229,PD20_050125
9.88,min,FANCD2,PD20,Fibroblast,OCR,pmol/min,184.4743926,126.7025526,108.7964225,PD20_050125
18.37,min,FANCD2,PD20,Fibroblast,OCR,pmol/min,185.2043889,126.5779143,110.5321241,PD20_050125
26.99,min,FANCD2,PD20,Fibroblast,OCR,pmol/min,75.66856726,72.85066204,43.0647859,PD20_050125
35.49,min,FANCD2,PD20,Fibroblast,OCR,pmol/min,80.25133234,77.39501887,38.33965227,PD20_050125
43.99,min,FANCD2,PD20,Fibroblast,OCR,pmol/min,85.50659134,82.14423103,36.62079831,PD20_050125
52.83,min,FANCD2,PD20,Fibroblast,OCR,pmol/min,285.8947008,191.3583549,193.1209537,PD20_050125
61.33,min,FANCD2,PD20,Fibroblast,OCR,pmol/min,280.3182776,189.2038249,198.1116627,PD20_050125
69.83,min,FANCD2,PD20,Fibroblast,OCR,pmol/min,268.5602124,183.1141634,196.312679,PD20_050125
78.44,min,FANCD2,PD20,Fibroblast,OCR,pmol/min,42.67113574,46.787088,31.12300949,PD20_050125
86.94,min,FANCD2,PD20,Fibroblast,OCR,pmol/min,44.79079373,48.31944303,29.90379957,PD20_050125
95.44,min,FANCD2,PD20,Fibroblast,OCR,pmol/min,43.32528088,47.59812128,26.69565234,PD20_050125
1.38,min,FANCD2,PD20,Fibroblast,PER,pmol/min,908.984679,573.2256531,219.8752958,PD20_050125
9.89,min,FANCD2,PD20,Fibroblast,PER,pmol/min,884.242495,566.367827,199.6446379,PD20_050125
18.39,min,FANCD2,PD20,Fibroblast,PER,pmol/min,875.8805998,566.2342603,194.3322375,PD20_050125
27,min,FANCD2,PD20,Fibroblast,PER,pmol/min,1276.734683,736.8068062,253.6568862,PD20_050125
35.5,min,FANCD2,PD20,Fibroblast,PER,pmol/min,1442.15026,762.512951,265.6436287,PD20_050125
44,min,FANCD2,PD20,Fibroblast,PER,pmol/min,1496.749353,773.8051312,274.3833892,PD20_050125
52.62,min,FANCD2,PD20,Fibroblast,PER,pmol/min,291.3484935,185.9176534,132.5223532,PD20_050125
61.12,min,FANCD2,PD20,Fibroblast,PER,pmol/min,204.052858,143.8267422,96.69793685,PD20_050125
69.62,min,FANCD2,PD20,Fibroblast,PER,pmol/min,177.5457265,132.4018115,82.35909553,PD20_050125
78.13,min,FANCD2,PD20,Fibroblast,PER,pmol/min,154.9213108,121.2653104,66.63451666,PD20_050125
86.63,min,FANCD2,PD20,Fibroblast,PER,pmol/min,153.4438547,125.6325611,65.11140458,PD20_050125
,,FANCD2,PD20,Fibroblast,mitoATP,pmol/min,781.23,272.34,472.42,PD20_050125
,,FANCD2,PD20,Fibroblast,glycoATP,pmol/min,647.22,478.42,136.46,PD20_050125
1.57,min,FANCD2,PD20,Fibroblast,ECAR,mpH/min,25.51973415,50.84020233,0.726215263,PD20_072525
10.21,min,FANCD2,PD20,Fibroblast,ECAR,mpH/min,26.91573555,50.30312381,0.812540167,PD20_072525
18.87,min,FANCD2,PD20,Fibroblast,ECAR,mpH/min,27.98432757,49.73558984,0.629432913,PD20_072525
27.63,min,FANCD2,PD20,Fibroblast,ECAR,mpH/min,31.12073721,51.33569141,0.665806211,PD20_072525
36.29,min,FANCD2,PD20,Fibroblast,ECAR,mpH/min,32.62136636,50.29972404,0.496188286,PD20_072525
44.93,min,FANCD2,PD20,Fibroblast,ECAR,mpH/min,33.42565718,50.24941721,0.56682866,PD20_072525
53.69,min,FANCD2,PD20,Fibroblast,ECAR,mpH/min,44.03933576,64.41638879,0.898236279,PD20_072525
62.34,min,FANCD2,PD20,Fibroblast,ECAR,mpH/min,48.50397155,64.86002681,0.913913026,PD20_072525
70.98,min,FANCD2,PD20,Fibroblast,ECAR,mpH/min,50.43331457,65.248732,1.18962899,PD20_072525
79.73,min,FANCD2,PD20,Fibroblast,ECAR,mpH/min,12.57698813,18.7063552,0.678126027,PD20_072525
88.39,min,FANCD2,PD20,Fibroblast,ECAR,mpH/min,9.964034879,14.75083795,0.437596756,PD20_072525
97.03,min,FANCD2,PD20,Fibroblast,ECAR,mpH/min,9.193041738,13.9797589,0.230983921,PD20_072525
1.38,min,FANCA,PD220,Fibroblast,OCR,pmol/min,122.0709103,225.9893143,144.7779947,PD220_040425
9.88,min,FANCA,PD220,Fibroblast,OCR,pmol/min,103.748962,174.9051903,96.4445811,PD220_040425
18.37,min,FANCA,PD220,Fibroblast,OCR,pmol/min,95.75934189,150.5880631,90.29181539,PD220_040425
26.98,min,FANCA,PD220,Fibroblast,OCR,pmol/min,29.42070036,64.30348983,57.77578533,PD220_040425
35.47,min,FANCA,PD220,Fibroblast,OCR,pmol/min,28.80443833,64.1033939,42.45583664,PD220_040425
43.97,min,FANCA,PD220,Fibroblast,OCR,pmol/min,27.96390308,62.14994235,36.49376376,PD220_040425
52.58,min,FANCA,PD220,Fibroblast,OCR,pmol/min,100.3987584,238.9180086,72.15854202,PD220_040425
61.3,min,FANCA,PD220,Fibroblast,OCR,pmol/min,84.49744332,212.4343747,69.61405382,PD220_040425
70.02,min,FANCA,PD220,Fibroblast,OCR,pmol/min,77.56611306,205.1975709,65.10434778,PD220_040425
78.63,min,FANCA,PD220,Fibroblast,OCR,pmol/min,10.86901935,37.98228887,30.25451821,PD220_040425
87.35,min,FANCA,PD220,Fibroblast,OCR,pmol/min,10.46432835,40.12709578,24.2191888,PD220_040425
95.85,min,FANCA,PD220,Fibroblast,OCR,pmol/min,10.33524614,38.84676148,21.08879652,PD220_040425
1.37,min,FANCA,PD220,Fibroblast,PER,pmol/min,394.522683,486.319238,22.83915743,PD220_040425
9.88,min,FANCA,PD220,Fibroblast,PER,pmol/min,422.6108581,467.1747508,21.16989226,PD220_040425
18.39,min,FANCA,PD220,Fibroblast,PER,pmol/min,432.656934,453.814258,17.53288486,PD220_040425
27,min,FANCA,PD220,Fibroblast,PER,pmol/min,1214.167485,1380.178939,53.02764395,PD220_040425
35.51,min,FANCA,PD220,Fibroblast,PER,pmol/min,1173.734736,1319.899626,76.77662186,PD220_040425
44.01,min,FANCA,PD220,Fibroblast,PER,pmol/min,1134.801915,1280.892413,65.48259718,PD220_040425
52.62,min,FANCA,PD220,Fibroblast,PER,pmol/min,305.4047011,285.6642044,54.06065712,PD220_040425
61.13,min,FANCA,PD220,Fibroblast,PER,pmol/min,189.4950938,220.8856552,54.61329295,PD220_040425
69.64,min,FANCA,PD220,Fibroblast,PER,pmol/min,140.3271575,180.6430672,45.2408928,PD220_040425
78.14,min,FANCA,PD220,Fibroblast,PER,pmol/min,108.6009843,145.3572083,39.25666624,PD220_040425
86.65,min,FANCA,PD220,Fibroblast,PER,pmol/min,100.2047203,131.2413081,44.31515843,PD220_040425
,,FANCA,PD220,Fibroblast,mitoATP,pmol/min,513.53,1169.67,27.94,PD220_040425
,,FANCA,PD220,Fibroblast,glycoATP,pmol/min,598,522.74,32.38,PD220_040425
1.38,min,FANCA,HSC72,Lymphoblast,OCR,pmol/min,1174.127732,106.7545006,237.8584772,HSC72_031025
10.11,min,FANCA,HSC72,Lymphoblast,OCR,pmol/min,1020.945528,110.8785662,226.8791671,HSC72_031025
18.83,min,FANCA,HSC72,Lymphoblast,OCR,pmol/min,990.3523436,116.0635547,223.316668,HSC72_031025
27.43,min,FANCA,HSC72,Lymphoblast,OCR,pmol/min,791.3201716,90.31477983,103.6409164,HSC72_031025
35.92,min,FANCA,HSC72,Lymphoblast,OCR,pmol/min,836.4471481,101.24163,108.2123261,HSC72_031025
44.42,min,FANCA,HSC72,Lymphoblast,OCR,pmol/min,694.7901253,107.6205019,109.4538538,HSC72_031025
53.02,min,FANCA,HSC72,Lymphoblast,OCR,pmol/min,679.0234969,131.9666626,1090.146234,HSC72_031025
61.51,min,FANCA,HSC72,Lymphoblast,OCR,pmol/min,597.4869837,132.9661615,1019.697697,HSC72_031025
70.01,min,FANCA,HSC72,Lymphoblast,OCR,pmol/min,576.9041394,129.410772,1002.411659,HSC72_031025
78.61,min,FANCA,HSC72,Lymphoblast,OCR,pmol/min,581.4100461,65.49450236,40.77966497,HSC72_031025
87.33,min,FANCA,HSC72,Lymphoblast,OCR,pmol/min,434.2338541,78.04216597,71.98469283,HSC72_031025
95.84,min,FANCA,HSC72,Lymphoblast,OCR,pmol/min,278.6262989,84.22808271,74.10588705,HSC72_031025
1.55,min,FANCA,PD220,Fibroblast,OCR,pmol/min/1000 cells,2.270771105,3.981637919,4.250249727,PD220_112225
10.14,min,FANCA,PD220,Fibroblast,OCR,pmol/min/1000 cells,2.075823502,3.774812757,4.066645486,PD220_112225
18.72,min,FANCA,PD220,Fibroblast,OCR,pmol/min/1000 cells,1.920631384,3.534704503,3.873476063,PD220_112225
27.42,min,FANCA,PD220,Fibroblast,OCR,pmol/min/1000 cells,1.030873197,1.375350495,1.272881285,PD220_112225
36.01,min,FANCA,PD220,Fibroblast,OCR,pmol/min/1000 cells,0.983823925,1.316079499,1.309302268,PD220_112225
44.6,min,FANCA,PD220,Fibroblast,OCR,pmol/min/1000 cells,0.935871723,1.242690322,1.214594725,PD220_112225
53.28,min,FANCA,PD220,Fibroblast,OCR,pmol/min/1000 cells,2.680800374,3.182106469,1.907104212,PD220_112225
61.88,min,FANCA,PD220,Fibroblast,OCR,pmol/min/1000 cells,2.566529145,2.663305793,1.877617142,PD220_112225
70.47,min,FANCA,PD220,Fibroblast,OCR,pmol/min/1000 cells,2.460911806,2.41385478,1.908036283,PD220_112225
79.15,min,FANCA,PD220,Fibroblast,OCR,pmol/min/1000 cells,0.651697111,0.678482181,0.908225471,PD220_112225
87.74,min,FANCA,PD220,Fibroblast,OCR,pmol/min/1000 cells,0.618254844,0.752360934,0.925349049,PD220_112225
96.32,min,FANCA,PD220,Fibroblast,OCR,pmol/min/1000 cells,0.587773911,0.737269649,0.875763038,PD220_112225
1.53,min,FANCA,PD220,Fibroblast,PER,pmol/min/1000 cells,4.010387576,3.165026535,1.435700774,PD220_112225
10.03,min,FANCA,PD220,Fibroblast,PER,pmol/min/1000 cells,4.084051874,3.091343933,1.518564326,PD220_112225
18.54,min,FANCA,PD220,Fibroblast,PER,pmol/min/1000 cells,4.114216567,3.25888469,1.320001906,PD220_112225
27.13,min,FANCA,PD220,Fibroblast,PER,pmol/min/1000 cells,4.108076606,3.375456748,1.315111697,PD220_112225
35.63,min,FANCA,PD220,Fibroblast,PER,pmol/min/1000 cells,4.060841431,3.535337444,1.38442796,PD220_112225
44.13,min,FANCA,PD220,Fibroblast,PER,pmol/min/1000 cells,4.228257687,3.739490642,1.747865889,PD220_112225
52.73,min,FANCA,PD220,Fibroblast,PER,pmol/min/1000 cells,1.463600549,1.368932448,1.040047099,PD220_112225
61.24,min,FANCA,PD220,Fibroblast,PER,pmol/min/1000 cells,1.11459959,1.1990647,0.855998219,PD220_112225
69.74,min,FANCA,PD220,Fibroblast,PER,pmol/min/1000 cells,0.958371203,1.123638096,0.803326533,PD220_112225
78.34,min,FANCA,PD220,Fibroblast,PER,pmol/min/1000 cells,0.811159587,0.857145592,0.731911381,PD220_112225
86.84,min,FANCA,PD220,Fibroblast,PER,pmol/min/1000 cells,0.666071921,0.787436815,0.533288344,PD220_112225
95.34,min,FANCA,PD220,Fibroblast,PER,pmol/min/1000 cells,0.597302227,0.795921194,0.554758203,PD220_112225
1.53,min,FANCA,PD220,Fibroblast,ECAR,mpH/min/1000 cells,0.14757173,0.107660702,0.066942193,PD220_112625_r1
10.02,min,FANCA,PD220,Fibroblast,ECAR,mpH/min/1000 cells,0.161730764,0.145027504,0.061944989,PD220_112625_r1
18.52,min,FANCA,PD220,Fibroblast,ECAR,mpH/min/1000 cells,0.181543622,0.149365398,0.074990551,PD220_112625_r1
27.11,min,FANCA,PD220,Fibroblast,ECAR,mpH/min/1000 cells,0.15415566,0.148058448,0.068147673,PD220_112625_r1
35.6,min,FANCA,PD220,Fibroblast,ECAR,mpH/min/1000 cells,0.167447601,0.168828176,0.074049967,PD220_112625_r1
44.1,min,FANCA,PD220,Fibroblast,ECAR,mpH/min/1000 cells,0.192385841,0.198893113,0.095236992,PD220_112625_r1
52.68,min,FANCA,PD220,Fibroblast,ECAR,mpH/min/1000 cells,0.187973441,0.210457731,0.075584434,PD220_112625_r1
61.18,min,FANCA,PD220,Fibroblast,ECAR,mpH/min/1000 cells,0.18642518,0.235814144,0.089467807,PD220_112625_r1
69.68,min,FANCA,PD220,Fibroblast,ECAR,mpH/min/1000 cells,0.183620483,0.205934682,0.0929308,PD220_112625_r1
78.26,min,FANCA,PD220,Fibroblast,ECAR,mpH/min/1000 cells,0.060238949,0.073021216,0.049661236,PD220_112625_r1
86.75,min,FANCA,PD220,Fibroblast,ECAR,mpH/min/1000 cells,0.032833075,0.035579128,0.029443757,PD220_112625_r1
95.25,min,FANCA,PD220,Fibroblast,ECAR,mpH/min/1000 cells,0.03205825,0.046378612,0.032930202,PD220_112625_r1
1.53,min,FANCA,PD220,Fibroblast,ECAR,mpH/min/1000 cells,0.186513112,0.140093109,0.108836199,PD220_112625_r2
10.03,min,FANCA,PD220,Fibroblast,ECAR,mpH/min/1000 cells,0.177589051,0.135817725,0.083415339,PD220_112625_r2
18.52,min,FANCA,PD220,Fibroblast,ECAR,mpH/min/1000 cells,0.178896356,0.141293308,0.084184817,PD220_112625_r2
27.1,min,FANCA,PD220,Fibroblast,ECAR,mpH/min/1000 cells,0.182789862,0.145659671,0.118175777,PD220_112625_r2
35.6,min,FANCA,PD220,Fibroblast,ECAR,mpH/min/1000 cells,0.165829231,0.132980134,0.090456463,PD220_112625_r2
44.1,min,FANCA,PD220,Fibroblast,ECAR,mpH/min/1000 cells,0.169710256,0.139914739,0.098906282,PD220_112625_r2
52.68,min,FANCA,PD220,Fibroblast,ECAR,mpH/min/1000 cells,0.179392176,0.163117684,0.096891573,PD220_112625_r2
61.18,min,FANCA,PD220,Fibroblast,ECAR,mpH/min/1000 cells,0.175288918,0.1516269,0.103540646,PD220_112625_r2
69.68,min,FANCA,PD220,Fibroblast,ECAR,mpH/min/1000 cells,0.168201078,0.141332645,0.102284334,PD220_112625_r2
78.26,min,FANCA,PD220,Fibroblast,ECAR,mpH/min/1000 cells,0.062373968,0.066932238,0.069025728,PD220_112625_r2
86.76,min,FANCA,PD220,Fibroblast,ECAR,mpH/min/1000 cells,0.041407483,0.047171006,0.067641524,PD220_112625_r2
95.26,min,FANCA,PD220,Fibroblast,ECAR,mpH/min/1000 cells,0.027178458,0.037943382,0.022009058,PD220_112625_r2
1.53,min,FANCA,PD220,Fibroblast,PER,pmol/min/1000 cells,12.97498866,6.615193344,4.337008673,PD220_120525_r1
10.03,min,FANCA,PD220,Fibroblast,PER,pmol/min/1000 cells,13.34021923,6.875095335,4.289323616,PD220_120525_r1
18.52,min,FANCA,PD220,Fibroblast,PER,pmol/min/1000 cells,13.81822731,7.244683165,4.632314946,PD220_120525_r1
27.12,min,FANCA,PD220,Fibroblast,PER,pmol/min/1000 cells,22.10468581,10.59661979,5.652097976,PD220_120525_r1
35.61,min,FANCA,PD220,Fibroblast,PER,pmol/min/1000 cells,23.65125603,12.75927626,6.528191259,PD220_120525_r1
44.11,min,FANCA,PD220,Fibroblast,PER,pmol/min/1000 cells,23.21359653,12.39695071,6.226800288,PD220_120525_r1
52.69,min,FANCA,PD220,Fibroblast,PER,pmol/min/1000 cells,4.863571716,2.701932553,3.129957075,PD220_120525_r1
61.19,min,FANCA,PD220,Fibroblast,PER,pmol/min/1000 cells,3.206457409,1.788312709,1.878213467,PD220_120525_r1
69.69,min,FANCA,PD220,Fibroblast,PER,pmol/min/1000 cells,2.556389947,1.197281574,1.070355082,PD220_120525_r1
78.19,min,FANCA,PD220,Fibroblast,PER,pmol/min/1000 cells,2.449377178,1.188955601,1.102372958,PD220_120525_r1
86.69,min,FANCA,PD220,Fibroblast,PER,pmol/min/1000 cells,2.315666916,1.145949215,1.08172309,PD220_120525_r1
1.53,min,FANCA,PD220,Fibroblast,PER,pmol/min/1000 cells,21.09419238,23.2182479,6.615370465,PD220_120525_r2
10.03,min,FANCA,PD220,Fibroblast,PER,pmol/min/1000 cells,19.5978001,22.75291078,5.7559786,PD220_120525_r2
18.52,min,FANCA,PD220,Fibroblast,PER,pmol/min/1000 cells,19.45593464,22.60518754,4.989568428,PD220_120525_r2
27.11,min,FANCA,PD220,Fibroblast,PER,pmol/min/1000 cells,39.19324527,37.99198517,7.87664615,PD220_120525_r2
35.6,min,FANCA,PD220,Fibroblast,PER,pmol/min/1000 cells,42.49492929,44.43513001,8.090712292,PD220_120525_r2
44.1,min,FANCA,PD220,Fibroblast,PER,pmol/min/1000 cells,41.21937304,45.08498789,8.293390047,PD220_120525_r2
52.68,min,FANCA,PD220,Fibroblast,PER,pmol/min/1000 cells,9.268277156,10.37722152,6.658915043,PD220_120525_r2
61.18,min,FANCA,PD220,Fibroblast,PER,pmol/min/1000 cells,6.277078466,7.622440144,4.898719357,PD220_120525_r2
69.68,min,FANCA,PD220,Fibroblast,PER,pmol/min/1000 cells,5.024335856,6.208558461,3.740262148,PD220_120525_r2
78.17,min,FANCA,PD220,Fibroblast,PER,pmol/min/1000 cells,4.507211968,5.7440811,3.25826247,PD220_120525_r2
86.67,min,FANCA,PD220,Fibroblast,PER,pmol/min/1000 cells,4.173436087,4.982231871,2.688657089,PD220_120525_r2
,,FANCA,PD220,Fibroblast,mitoATP,pmol/min/1000 cells,13.4,12.58,19.59,PD220_121325
,,FANCA,PD220,Fibroblast,glycoATP,pmol/min/1000 cells,7.02,5.09,3.21,PD220_121325
1.53,min,FANCA,PD220,Fibroblast,OCR,pmol/min/1000 cells,4.879379204,4.218282786,4.1799697,PD220_121425
10.03,min,FANCA,PD220,Fibroblast,OCR,pmol/min/1000 cells,4.621272307,4.131744006,4.067701174,PD220_121425
18.52,min,FANCA,PD220,Fibroblast,OCR,pmol/min/1000 cells,4.516986072,4.062575578,4.072875176,PD220_121425
27.11,min,FANCA,PD220,Fibroblast,OCR,pmol/min/1000 cells,1.513138637,1.313215453,0.991416221,PD220_121425
35.6,min,FANCA,PD220,Fibroblast,OCR,pmol/min/1000 cells,1.466975961,1.344029041,0.999348837,PD220_121425
44.09,min,FANCA,PD220,Fibroblast,OCR,pmol/min/1000 cells,1.474479498,1.29980767,1.025129586,PD220_121425
52.68,min,FANCA,PD220,Fibroblast,OCR,pmol/min/1000 cells,6.133199065,4.321217876,2.478414729,PD220_121425
61.17,min,FANCA,PD220,Fibroblast,OCR,pmol/min/1000 cells,5.636142972,3.94075493,2.567306716,PD220_121425
69.67,min,FANCA,PD220,Fibroblast,OCR,pmol/min/1000 cells,5.489341318,3.884568208,2.753056374,PD220_121425
78.25,min,FANCA,PD220,Fibroblast,OCR,pmol/min/1000 cells,1.068566065,0.824839899,0.760560477,PD220_121425
86.75,min,FANCA,PD220,Fibroblast,OCR,pmol/min/1000 cells,1.109504304,0.902053324,0.838581977,PD220_121425
95.24,min,FANCA,PD220,Fibroblast,OCR,pmol/min/1000 cells,1.060950682,0.882718232,0.818225555,PD220_121425
1.53,min,FANCD2,PD20,Fibroblast,OCR,pmol/min/1000 cells,6.43865709,3.203143125,5.328603556,PD20_121625
10.03,min,FANCD2,PD20,Fibroblast,OCR,pmol/min/1000 cells,5.8247383,2.988578256,4.990144798,PD20_121625
18.52,min,FANCD2,PD20,Fibroblast,OCR,pmol/min/1000 cells,5.453251804,2.766533556,4.793754943,PD20_121625
27.1,min,FANCD2,PD20,Fibroblast,OCR,pmol/min/1000 cells,3.93082644,1.626140493,1.585685595,PD20_121625
35.59,min,FANCD2,PD20,Fibroblast,OCR,pmol/min/1000 cells,3.853670639,1.723066079,1.618371603,PD20_121625
44.09,min,FANCD2,PD20,Fibroblast,OCR,pmol/min/1000 cells,3.705751728,1.610564036,1.576812033,PD20_121625
52.67,min,FANCD2,PD20,Fibroblast,OCR,pmol/min/1000 cells,4.316020832,1.768744839,1.774973103,PD20_121625
61.17,min,FANCD2,PD20,Fibroblast,OCR,pmol/min/1000 cells,4.00812343,1.488595922,1.669768989,PD20_121625
69.66,min,FANCD2,PD20,Fibroblast,OCR,pmol/min/1000 cells,3.807051902,1.324527454,1.660402476,PD20_121625
78.25,min,FANCD2,PD20,Fibroblast,OCR,pmol/min/1000 cells,2.780032606,0.675450937,1.060069258,PD20_121625
86.75,min,FANCD2,PD20,Fibroblast,OCR,pmol/min/1000 cells,2.760088961,0.799673471,1.057974341,PD20_121625
95.24,min,FANCD2,PD20,Fibroblast,OCR,pmol/min/1000 cells,2.749928877,0.758378495,1.0222179,PD20_121625
1.53,min,FANCD2,PD20,Fibroblast,ECAR,mpH/min/1000 cells,0.185247904,0.169335247,0.02875642,PD20_121625
10.02,min,FANCD2,PD20,Fibroblast,ECAR,mpH/min/1000 cells,0.202707264,0.18071471,0.053764274,PD20_121625
18.52,min,FANCD2,PD20,Fibroblast,ECAR,mpH/min/1000 cells,0.214778,0.187772849,0.056531727,PD20_121625
27.1,min,FANCD2,PD20,Fibroblast,ECAR,mpH/min/1000 cells,0.230399672,0.186962497,0.073475441,PD20_121625
35.6,min,FANCD2,PD20,Fibroblast,ECAR,mpH/min/1000 cells,0.240323415,0.192552496,0.069366968,PD20_121625
44.09,min,FANCD2,PD20,Fibroblast,ECAR,mpH/min/1000 cells,0.247529653,0.193060479,0.070368596,PD20_121625
52.68,min,FANCD2,PD20,Fibroblast,ECAR,mpH/min/1000 cells,0.28865167,0.219625189,0.101140376,PD20_121625
61.17,min,FANCD2,PD20,Fibroblast,ECAR,mpH/min/1000 cells,0.309063142,0.24510625,0.130306124,PD20_121625
69.66,min,FANCD2,PD20,Fibroblast,ECAR,mpH/min/1000 cells,0.286778885,0.229926147,0.141839286,PD20_121625
78.25,min,FANCD2,PD20,Fibroblast,ECAR,mpH/min/1000 cells,0.094748815,0.071287598,0.081895603,PD20_121625
86.74,min,FANCD2,PD20,Fibroblast,ECAR,mpH/min/1000 cells,0.06904707,0.050897235,0.046507377,PD20_121625
95.24,min,FANCD2,PD20,Fibroblast,ECAR,mpH/min/1000 cells,0.054424295,0.040273002,0.037282637,PD20_121625
1.53,min,FANCD2,PD20,Fibroblast,PER,pmol/min/1000 cells,2.60354682,2.513098265,0.965140411,PD20_121825
10.02,min,FANCD2,PD20,Fibroblast,PER,pmol/min/1000 cells,2.477418635,2.551291626,1.124023578,PD20_121825
18.52,min,FANCD2,PD20,Fibroblast,PER,pmol/min/1000 cells,2.596571137,2.650065859,1.099063016,PD20_121825
27.11,min,FANCD2,PD20,Fibroblast,PER,pmol/min/1000 cells,3.353492349,3.707561126,1.670989668,PD20_121825
35.6,min,FANCD2,PD20,Fibroblast,PER,pmol/min/1000 cells,4.239390992,4.144339705,2.024162756,PD20_121825
44.09,min,FANCD2,PD20,Fibroblast,PER,pmol/min/1000 cells,4.560859928,4.231184098,2.301557519,PD20_121825
52.68,min,FANCD2,PD20,Fibroblast,PER,pmol/min/1000 cells,1.024981532,1.042284113,1.67387114,PD20_121825
61.17,min,FANCD2,PD20,Fibroblast,PER,pmol/min/1000 cells,0.463114258,0.647495028,0.856554126,PD20_121825
69.67,min,FANCD2,PD20,Fibroblast,PER,pmol/min/1000 cells,0.653169373,0.524688004,0.700392266,PD20_121825
78.16,min,FANCD2,PD20,Fibroblast,PER,pmol/min/1000 cells,0.313196059,0.330846248,0.445657176,PD20_121825
86.66,min,FANCD2,PD20,Fibroblast,PER,pmol/min/1000 cells,0.41658372,0.353252522,0.413287155,PD20_121825
,,FANCD2,PD20,Fibroblast,mitoATP,pmol/min/1000 cells,15.12,8.78,20.11,PD20_121825
,,FANCD2,PD20,Fibroblast,glycoATP,pmol/min/1000 cells,0.33,1.08,0,PD20_121825
1.53,min,FANCD2,PD20,Fibroblast,OCR,pmol/min/1000 cells,6.662594512,1.969533617,5.925084873,PD20_122625
10.03,min,FANCD2,PD20,Fibroblast,OCR,pmol/min/1000 cells,6.225748325,2.114813617,6.086897955,PD20_122625
18.53,min,FANCD2,PD20,Fibroblast,OCR,pmol/min/1000 cells,5.814146122,2.025413247,5.933655823,PD20_122625
27.12,min,FANCD2,PD20,Fibroblast,OCR,pmol/min/1000 cells,4.075724629,1.24160371,1.814901397,PD20_122625
35.61,min,FANCD2,PD20,Fibroblast,OCR,pmol/min/1000 cells,3.82105896,1.155012672,1.842907548,PD20_122625
44.11,min,FANCD2,PD20,Fibroblast,OCR,pmol/min/1000 cells,3.622339585,0.980568078,1.868083,PD20_122625
52.7,min,FANCD2,PD20,Fibroblast,OCR,pmol/min/1000 cells,4.210364415,1.097726808,1.7293976,PD20_122625
61.2,min,FANCD2,PD20,Fibroblast,OCR,pmol/min/1000 cells,4.006390062,0.955023608,1.630230273,PD20_122625
69.7,min,FANCD2,PD20,Fibroblast,OCR,pmol/min/1000 cells,3.829054502,0.845650857,1.674089327,PD20_122625
78.29,min,FANCD2,PD20,Fibroblast,OCR,pmol/min/1000 cells,2.854131543,0.366222118,0.775433003,PD20_122625
86.79,min,FANCD2,PD20,Fibroblast,OCR,pmol/min/1000 cells,2.819488495,0.552639367,0.837791088,PD20_122625
95.29,min,FANCD2,PD20,Fibroblast,OCR,pmol/min/1000 cells,2.766770412,0.413887849,0.857146635,PD20_122625
1.53,min,FANCD2,PD20,Fibroblast,ECAR,mpH/min/1000 cells,0.189693148,0.176620657,0.100424688,PD20_122625
10.03,min,FANCD2,PD20,Fibroblast,ECAR,mpH/min/1000 cells,0.199614644,0.20980747,0.111154231,PD20_122625
18.53,min,FANCD2,PD20,Fibroblast,ECAR,mpH/min/1000 cells,0.198577952,0.220322248,0.117607399,PD20_122625
27.11,min,FANCD2,PD20,Fibroblast,ECAR,mpH/min/1000 cells,0.196839578,0.193372248,0.105969173,PD20_122625
35.61,min,FANCD2,PD20,Fibroblast,ECAR,mpH/min/1000 cells,0.197010807,0.208639435,0.097126466,PD20_122625
44.11,min,FANCD2,PD20,Fibroblast,ECAR,mpH/min/1000 cells,0.207018271,0.209350986,0.090305784,PD20_122625
52.7,min,FANCD2,PD20,Fibroblast,ECAR,mpH/min/1000 cells,0.254405098,0.294405911,0.119796689,PD20_122625
61.2,min,FANCD2,PD20,Fibroblast,ECAR,mpH/min/1000 cells,0.277326616,0.223523162,0.137102282,PD20_122625
69.7,min,FANCD2,PD20,Fibroblast,ECAR,mpH/min/1000 cells,0.269711762,0.196548228,0.1513552,PD20_122625
78.3,min,FANCD2,PD20,Fibroblast,ECAR,mpH/min/1000 cells,0.091183249,0.105814876,0.090570446,PD20_122625
86.8,min,FANCD2,PD20,Fibroblast,ECAR,mpH/min/1000 cells,0.071263873,0.060764478,0.073434359,PD20_122625
95.3,min,FANCD2,PD20,Fibroblast,ECAR,mpH/min/1000 cells,0.053877376,0.045015685,0.056964472,PD20_122625
1.53,min,FANCD2,PD20,Fibroblast,PER,pmol/min/1000 cells,3.01499866,3.177870261,1.702894204,PD20_122825
10.03,min,FANCD2,PD20,Fibroblast,PER,pmol/min/1000 cells,3.190252177,3.226735432,1.684079979,PD20_122825
18.53,min,FANCD2,PD20,Fibroblast,PER,pmol/min/1000 cells,3.317544482,3.026389853,1.568177796,PD20_122825
27.13,min,FANCD2,PD20,Fibroblast,PER,pmol/min/1000 cells,4.617940179,4.352913523,2.347621931,PD20_122825
35.62,min,FANCD2,PD20,Fibroblast,PER,pmol/min/1000 cells,5.133036996,4.718666698,2.631796059,PD20_122825
44.13,min,FANCD2,PD20,Fibroblast,PER,pmol/min/1000 cells,4.926617279,4.413429077,2.84707217,PD20_122825
52.71,min,FANCD2,PD20,Fibroblast,PER,pmol/min/1000 cells,1.111616673,1.177947041,1.45559066,PD20_122825
61.21,min,FANCD2,PD20,Fibroblast,PER,pmol/min/1000 cells,0.788828279,0.896413024,0.875826863,PD20_122825
69.71,min,FANCD2,PD20,Fibroblast,PER,pmol/min/1000 cells,0.620019708,0.728317957,0.576770494,PD20_122825
78.21,min,FANCD2,PD20,Fibroblast,PER,pmol/min/1000 cells,0.389569645,0.363383065,0.351062948,PD20_122825
86.71,min,FANCD2,PD20,Fibroblast,PER,pmol/min/1000 cells,0.424510672,0.65316089,0.519232277,PD20_122825
,,FANCD2,PD20,Fibroblast,mitoATP,pmol/min/1000 cells,14.85,10.78,17.49,PD20_122825
,,FANCD2,PD20,Fibroblast,glycoATP,pmol/min/1000 cells,11.36,8.35,3.33,PD20_122825